question,choices,answer,short_explanation
"The sanctions against the school were a punishing blow, and they seemed to what the efforts the school had made to change?","[""ignore"", ""enforce"", ""authoritarian"", ""yell at"", ""avoid""]",A,"Because ``` Because ""ignore"" best shows the sanctions disregarded the school's efforts to change."
Sammy wanted to go to where the people were.  Where might he go?,"[""race track"", ""populated areas"", ""the desert"", ""apartment"", ""roadblock""]",B,"Because ""populated areas"" best fit Sammy's desire to go where many people are located."
To locate a choker not located in a jewelry box or boutique where would you go?,"[""jewelry store"", ""neck"", ""jewlery box"", ""jewelry box"", ""boutique""]",A,Because a jewelry store sells chokers and is not a storage location.
Google Maps and other highway and street GPS services have replaced what?,"[""united states"", ""mexico"", ""countryside"", ""atlas"", ""oceans""]",D,"Because digital GPS services now offer detailed maps and directions, making traditional atlases less essential for navigation."
"The fox walked from the city into the forest, what was it looking for?","[""pretty flowers."", ""hen house"", ""natural habitat"", ""storybook"", ""dense forest""]",C,"Because the fox's movement suggests it seeks its natural habitat in the forest, making C the correct choice."
What home entertainment equipment requires cable?,"[""radio shack"", ""substation"", ""cabinet"", ""television"", ""desk""]",D,Because television is the only device needing a cable connection for TV signals.
"The only baggage the woman checked was a drawstring bag, where was she heading with it?","[""garbage can"", ""military"", ""jewelry store"", ""safe"", ""airport""]",E,Because the woman checking a drawstring bag at an airport fits the scenario of official luggage procedures.
"The forgotten leftovers had gotten quite old, he found it covered in mold in the back of his what?","[""carpet"", ""refrigerator"", ""breadbox"", ""fridge"", ""coach""]",B,"Because old, moldy leftovers were likely found in the refrigerator."
What do people use to absorb extra ink from a fountain pen?,"[""shirt pocket"", ""calligrapher's hand"", ""inkwell"", ""desk drawer"", ""blotter""]",E,Because a blotter (option E) effectively absorbs excess ink from fountain pens to prevent smudging.
Where is a business restaurant likely to be located?,"[""town"", ""at hotel"", ""mall"", ""business sector"", ""yellow pages""]",D,"Because ```plaintext
Because business sectors concentrate offices and professional establishments, they are ideal for locating business restaurants."
Where do you put your grapes just before checking out?,"[""mouth"", ""grocery cart"", ""super market"", ""fruit basket"", ""fruit market""]",B,Because the grocery cart is where items are placed before checkout at a store.
"Before getting a divorce, what did the wife feel who was doing all the work?","[""harder"", ""anguish"", ""bitterness"", ""tears"", ""sadness""]",C,"Because the wife's feelings of deep-seated frustration and resentment match bitterness, indicating unfairness in household responsibilities."
Johnny sat on a bench and relaxed after doing a lot of work on his hobby.  Where is he?,"[""state park"", ""bus depot"", ""garden"", ""gym"", ""rest area""]",C,"Because ``` Because the context points to a peaceful, personal setting like a garden for relaxing after a hobby."
James was cooling off two quickly.  He would die if he didn't find some way to stop what?,"[""loss of heat"", ""revenge"", ""expansion"", ""relaxation"", ""calm down""]",A,"Because the sentence shows James is losing heat quickly, option A best addresses his risk of hypothermia."
"Of all the rooms in a house it was his favorite, the aromas always drew him to the what?","[""yard"", ""basement"", ""kitchen"", ""living room"", ""garden""]",C,Because the kitchen's association with food and cooking makes it the most logical choice for a place where one would be attracted by its aromas.
"Bill is stuck in marsh when a man comes up to him peaking Cajun, where is he?","[""low lands"", ""new york"", ""forest"", ""louisiana"", ""everglades""]",D,"Because ""Cajun"" culture and marshy terrain are uniquely associated with Louisiana."
What is it called when you slowly cook using a grill?,"[""backyard"", ""restaurant"", ""crockpot"", ""neighbor's house"", ""barbeque""]",E,Because barbeque denotes slow cooking food on a grill or open flame.
What type of person typically contracts illness?,"[""hospital"", ""head"", ""sick person"", ""elderly person"", ""doctor's office""]",D,Because elderly people are more prone to illnesses due to age-related health issues.
Where would you expect to find a pizzeria while shopping?,"[""chicago"", ""street"", ""little italy"", ""food court"", ""capital cities""]",D,"Because food courts in shopping centers conveniently offer pizzerias for shoppers, unlike broader options."
"When eating everything on the tasting menu, what does one tend to feel?","[""full stomach"", ""getting full"", ""gaining weight"", ""sick"", ""satisfaction""]",B,Because a firewall's main purpose is to protect a network by monitoring and controlling incoming and outgoing network traffic based on predetermined security rules.
What does playing soccer for a long time lead to?,"[""excitement"", ""fatigue"", ""anger"", ""hurting"", ""getting tired""]",E,Because ``` Because E describes physical exhaustion from prolonged soccer play accurately without implying severe injury.
Which entrance would you use if you do not want to use the back entrance?,"[""side"", ""main"", ""anterior"", ""current"", ""front""]",B,"Because ""main"" indicates the primary entrance, B is the logical choice."
You can share files with someone if you have a connection to a what?,"[""freeway"", ""radio"", ""wires"", ""computer network"", ""electrical circuit""]",D,"Because ```plaintext
Because a computer network facilitates secure and efficient file sharing among connected devices."
"The accelerator was controller via a hand throttle, and the foot pedals controlled the steering in the small what?","[""car"", ""fuel system"", ""accelerate"", ""boat"", ""airplane""]",E,Because airplanes use hand throttles and foot pedals matching the described controls.
"Sean was lying about the body, but he was very scared.  He constantly worried about what?","[""the reward money"", ""hurt feelings"", ""being found out"", ""problems"", ""trouble""]",C,"Because ```plaintext
Because Sean's main fear is being found out about his lie regarding the body."
"The drug kingpin told his man to run errands, this was code to go to all the dealers to do what they had?","[""park"", ""make time for"", ""receive instructions"", ""take money"", ""leave work""]",D,"Because in drug trafficking, ""running errands"" codes for collecting and transporting money to the kingpin."
"Though he could've kept going his body appreciated the rest, it had been constantly what during the day?","[""walk"", ""lay down"", ""working"", ""moving"", ""exercise""]",D,"Because ""constantly moving"" implies prolonged physical effort justifying the need for rest, D is the best choice."
Too many people want exotic snakes.  The demand is driving what to carry them?,"[""ditch"", ""shop"", ""north america"", ""pet shops"", ""outdoors""]",D,"Because the correct answer is D, indicating pet shops as the logical place for selling exotic snakes due to commercial availability."
"Joe suffered many consequences from stabbing a stranger to death.   Among them, the family of the victim did something to him. What was that?","[""knife wounds"", ""buy a gun"", ""bleeding"", ""jail time"", ""law suit""]",E,Because the family would file a civil lawsuit against Joe for compensation and accountability.
To prevent any glare during the big football game he made sure to clean the dust of his what?,"[""television"", ""attic"", ""corner"", ""they cannot clean corner and library during football match they cannot need that"", ""ground""]",A,"Because cleaning a television reduces glare for watching a football game, making A the best choice."
"I have something in my head I want to share, what ways can I do that?","[""write an essay"", ""organize thoughts"", ""speak information"", ""summarize main points"", ""have information""]",C,Because speaking information enables real-time thought sharing and interaction directly with others.
"He wanted a house that was gated off from other places, where should he start looking?","[""neighborhood"", ""subdivision"", ""city"", ""suburbs"", ""street""]",B,Because a subdivision typically features gated communities offering seclusion and security not found in other areas.
Where in Southern Europe would you find many canals?,"[""michigan"", ""new york"", ""amsterdam"", ""venice"", ""bridge""]",D,"Because Venice, in Italy, uniquely features canal-based transportation, distinguishing it from other options."
What would a camper need to do before he or she can start cooking food?,"[""make breakfast"", ""go hiking"", ""pack or bag"", ""light fire"", ""grab a match""]",D,Because starting a fire is essential before cooking food outdoors.
What could happen to a paper if you leave it outside even if it does not move?,"[""one material often recycled"", ""ripped"", ""saturated with water"", ""one dimensional"", ""crumpled""]",C,"Because ```plaintext
Because leaving a paper outside can cause it to absorb moisture, becoming saturated and potentially unusable."
"Mark's semen was very thick, but after his vasectomy it was also what?","[""blank"", ""sparse"", ""thin"", ""clear"", ""free flowing""]",D,"Because ```plaintext
Because post-vasectomy semen lacks sperm and appears clear."
What is a great place to lay in the sun?,"[""in the basement"", ""west"", ""solar system"", ""beach"", ""beans""]",D,Because beaches offer a perfect sunbathing spot with warm sand and direct sunlight.
Where would you find a seafood restaurant in the east coast of North America?,"[""maine"", ""boston"", ""beach town"", ""coastal cities"", ""ocean""]",A,"Because ```plaintext
Because Maine is specifically located on the northeastern U."
The president is the leader of what institution?,"[""walmart"", ""white house"", ""country"", ""corporation"", ""government""]",E,"Because the president leads the government as its chief executive, option E is correct."
Sitting to close while watching TV can cause what sort of pain?,"[""brain problems"", ""laziness"", ""get fat"", ""headache"", ""laughter""]",D,Because sitting too close to the TV can cause headaches due to eye and neck strain.
Where is a bald eagle safe?,"[""pine tree"", ""open country"", ""in washington"", ""wildlife refuge"", ""sky""]",D,"Because wildlife refuges protect and manage habitats, ensuring safety and well-being for bald eagles."
"The game promised it was free, but the child's parents soon found themselves doing what for microtransactions?","[""costly"", ""captive"", ""contained"", ""paying"", ""caught""]",D,"Because ""paying"" accurately describes spending money on microtransactions despite the game being advertised as free."
What kind of driving leads to accidents?,"[""stressful"", ""dangerous"", ""fun"", ""illegal"", ""deadly""]",B,"Because ""dangerous"" best describes driving that increases accident likelihood due to inherent risk."
What is eating too much dinner likely to result in?,"[""tiredness"", ""living longer"", ""stomach ache"", ""illness"", ""acid reflux""]",C,"Because eating too much dinner overloads the digestive system, causing a stomach ache."
What is a person chatting with friends likely hoping to accomplish?,"[""gathering of information"", ""communication"", ""feel relaxed"", ""kill boredom"", ""social bonding""]",E,Because the main purpose of a book review is to evaluate the overall quality and impact of the book.
"Jame's bare feet were burned as he walked, because the sunshine had made the surface hot.  Where might he have been?","[""disneyland"", ""snow"", ""windowsill"", ""street"", ""summer""]",D,"Because streets can become extremely hot under direct sunlight, explaining Jame's burned feet."
"A fox was thirsty searching for water during the drought, where was he?","[""painting"", ""hen house"", ""california"", ""virginia"", ""movie hall""]",C,Because California's droughts make it logical for a thirsty fox to search there.
What might be the result of a season of successful skiing?,"[""finish line"", ""broken bones"", ""broken legs"", ""chapped lips"", ""healthy body""]",E,Because engaging in regular physical activity like skiing improves overall health and fitness resulting in a healthy body.
"The sensor would just the distance then set off an alarm, the installation expert explained it was called a what kind of sensor?","[""near"", ""closeness"", ""here"", ""proximity"", ""this""]",D,"Because ""proximity"" defines sensors detecting nearby objects for alarms."
"The man was eating lunch, but rushed when he looked at his watch, why did he rush?","[""gain weight"", ""late for work"", ""heartburn"", ""bad breath"", ""early for work""]",B,"Because the man rushed when he saw he was late for work, as shown by checking his watch."
"The evacuation became mandatory, so what came on the TV?","[""advisory"", ""mandate"", ""soap opera"", ""elective"", ""optional""]",A,"Because ```plaintext
Because an advisory informs about mandatory evacuation, contrasting with mandates or entertainment."
The person gave a good hands on what to show how to do the work?,"[""demonstration"", ""garage"", ""building"", ""barn"", ""synagogue""]",A,"Because ""demonstration"" directly refers to showing or explaining through practical action, fitting as an interactive teaching method."
Where would you see some people doing jumping jacks?,"[""military base"", ""opera"", ""water fountain"", ""bus stop"", ""church""]",A,"Because ```plaintext
Because military bases regularly conduct physical training including jumping jacks."
"The body guard was good at his duties, he made the person who hired him what?","[""better job"", ""irritated"", ""feel safe"", ""save money"", ""headache""]",C,Because the primary duty of a bodyguard is to make their client feel safe.
"Learning languages is difficult.  Even in a full immersion environment you're likely to make mistakes, mistakes will cause misinterpretation, which will be uncomfortable, which will cause what?,","[""better communication"", ""overthinking"", ""frustration"", ""misunderstandings"", ""headaches""]",C,Because mistakes causing misinterpretations evoke frustration in language learners.
"Jim enjoyed killing people, but he did it too often and the cops found out.  What might the cops do to him?","[""going to jail"", ""going to prison"", ""beat him up"", ""get arrested"", ""die""]",D,Because arresting Jim is the standard legal procedure when law enforcement discovers he has committed crimes like murder.
Where is there usually a fiddle playing?,"[""music store"", ""dance hall"", ""orchestra"", ""symphony"", ""tennessee""]",C,"Because orchestras typically include string instruments like violins, which are commonly referred to as fiddles."
What is the only was to recover from exhaustion?,"[""mediate"", ""have rest"", ""stay in bed"", ""run out of steam"", ""go to sleep""]",B,"Because ""have rest"" comprehensively covers various forms of recuperation essential for recovering from exhaustion."
What would you do if you want to be able to earn money?,"[""apply for job"", ""stand in line"", ""take care of proposals"", ""pass course"", ""play the lottery""]",A,Because **Because applying for a job directly leads to consistent income.
What is a grumpy person likely to have?,"[""headache"", ""understand themselves"", ""compliments"", ""own house"", ""happiness""]",A,"Because a grumpy person's irritability may cause a headache, option A fits best."
What do drugs do?,"[""damage"", ""cloud mind"", ""lower i.q"", ""cause illness"", ""cause accidents""]",E,Because drugs increase accident risks by impairing judgment and physical abilities.
A beaver can destroy a machines functionality if they build their dam in this?,"[""strip club"", ""pocket"", ""millpond"", ""ontario"", ""lake or river""]",C,"Because ```plaintext
Because a beaver dam in a millpond disrupts the water flow needed for the mill to operate."
"They decided to hash things out over drinks, after enough booze they were able to get close on a few things and what?","[""reach tentative agreement"", ""suicide"", ""examine thing"", ""commit murder"", ""stay in bed""]",A,"Because ""reach tentative agreement"" fits the context of a productive discussion after drinking, unlike other unrelated options."
Where could a fungus grow and not be disturbed by sunlight?,"[""under rocks"", ""manhattan"", ""toenails"", ""grocery store"", ""fallen tree""]",A,"Because ```plaintext
Because ""under rocks"" offers a consistently shaded environment ideal for fungal growth."
Can you name a good reason for attending school?,"[""get smart"", ""boredom"", ""colds and flu"", ""taking tests"", ""spend time""]",A,"Because ```plaintext
Because ""get smart"" best captures the primary educational goals of attending school."
What state south of Kentucky and north of Alabama will you find people playing the fiddle?,"[""alabama"", ""tennessee"", ""violin case"", ""music store"", ""bow and strings""]",B,Because Tennessee uniquely fits both geographical and cultural criteria for the fiddle-playing scenario.
"Though she made the cut years ago, its figurative scars would never what?","[""joining"", ""put together"", ""stitch"", ""heal"", ""paste""]",D,"Because ""heal"" best conveys the persistent emotional impact of figurative scars."
What does sex often make happen in people?,"[""making love"", ""feel good"", ""happyness"", ""wonderful thing"", ""cloud judgment""]",B,"Because ```plaintext
Because sex releases dopamine and oxytocin, causing immediate positive emotions."
Where would you see people in uniform playing with a ball?,"[""hole"", ""television"", ""sporting goods store"", ""pool table"", ""sporting event""]",E,Because a library would not typically have a cash register as it does not sell goods or services.
What kind of place could have a seafood restaurant?,"[""new york"", ""coastal cities"", ""city"", ""coastal cities"", ""boston""]",C,"Because ""city"" broadly encompasses various urban areas suitable for seafood restaurants regardless of coastal proximity."
Who was the head of the branch yelling at?,"[""owner"", ""foot"", ""subordinate"", ""base"", ""point""]",C,"Because ""subordinate"" fits the hierarchical context of a supervisor directing and reprimanding someone below them in rank."
"He made another call, he did this all day hoping people would what well to his offer?","[""hang up"", ""respond"", ""contact"", ""answer"", ""attracting ducks""]",B,"Because ""respond"" best captures the expectation of an expected reaction or action from those receiving the calls."
"She needs to visit a bookshop after buying the latest fashion, where should she look?","[""student union"", ""mall"", ""department store"", ""library"", ""town or city""]",B,Because malls offer a variety of stores like fashion boutiques and bookshops in one convenient location.
Where could you see an advertisement while reading news?,"[""television"", ""bus"", ""email"", ""web page"", ""la ville""]",D,Because advertisements frequently appear in online news articles to generate revenue.
What is required to be good at playing tennis?,"[""tennis racket"", ""skill"", ""competition"", ""tennis court"", ""legs""]",B,Because skill (B) is essential for executing accurate shots and making strategic decisions in tennis.
What state is the John Davis  Lodge toll road found in?,"[""new jersey"", ""eastern united states"", ""good repair"", ""connecticut"", ""arizona""]",D,"Because the John Davis Lodge toll road is in Connecticut, D is correct."
"The man went to clown college, he had always want to run away with the what?","[""circus"", ""carnival"", ""surprise"", ""spoons"", ""party""]",A,"Because ""circus"" fits the idiomatic phrase and context best for clowns."
"Jamie wanted to reduce her waist size, but all of her efforts failed miserably.  She continued to do what?","[""gain weight"", ""augment"", ""dispare"", ""make larger"", ""expand""]",A,"Because ""Gain weight"" (A) logically follows Jamie's unsuccessful attempt to reduce her waist size."
James felt himself losing consciousness.  He was frightened.  He didn't want this.  He was scared of what?,"[""death"", ""coma"", ""peace"", ""forgetfulness"", ""loss of life""]",A,Because the fear of death best captures James's intense reaction to the potential loss of consciousness.
"If someone is aloof and self-important, what is their experience when meeting people?","[""stress"", ""nervousness"", ""smile"", ""being bored"", ""making new friends""]",D,Because an aloof and self-important person is likely to feel bored during meetings with others.
"He was receiving workman's compensation, he had tripped over a metal rod while building where?","[""factory"", ""construction site"", ""engine"", ""insides of skyscraper's walls"", ""shops""]",B,"Because ```markdown
Because the scenario fits a construction site best, involving building work and trip hazards like metal rods."
John and James spent most of their time communicating with each other on their project.  The time required to communicate slowed their what?,"[""static"", ""train of thought."", ""progress"", ""transfer of information"", ""collaboration""]",C,"Because ```plaintext
Because excessive communication between John and James can slow down their project progress."
When you play around with your dog they will have?,"[""alive"", ""health"", ""fun"", ""playing dead"", ""black""]",C,Because playing with your dog primarily creates enjoyment for both of you.
Where would a person keep a book while it's being read?,"[""closet"", ""library of congress"", ""classroom"", ""in bed"", ""desk""]",E,"Because a desk offers a stable and convenient surface for reading books, making it the most practical choice."
"The student needed to  get some new pencils, where did he go?","[""store"", ""classroom"", ""backpack"", ""cabinet"", ""teacher""]",A,Because a store selling school supplies is the best place for a student to obtain new pencils.
"She loved buying products, she was driven by her what to shop more than any practical needs?","[""desire"", ""money"", ""time"", ""credit"", ""spending money""]",A,"Because ""desire"" best captures her emotional motivation to shop rather than practical reasons."
How does getting paid feel?,"[""income tax"", ""satisfaction"", ""sorrow"", ""ocean"", ""bill collectors to happy""]",B,"Because ```plaintext
Because satisfaction best describes the positive emotional response to receiving payment."
"The fat man refused to accept what was possible, he complained that he what the simplest activities?","[""no go"", ""unlikely"", ""unable"", ""cant do"", ""impossibility""]",D,"Because ""he complained that he can't do the simplest activities"" best fits the sentence structure and conveys the fat man's unwillingness to accept his physical limitations."
Where can meat last a long time?,"[""backery"", ""ham sandwich"", ""fridge"", ""butcher shop"", ""freezer""]",E,Because the freezer provides very low temperatures ideal for long-term meat storage and bacterial growth prevention.
What group of musicians will include someone playing the cello?,"[""ocean"", ""symphony"", ""band"", ""music store"", ""music shop""]",B,Because a symphony includes a cello and other essential instruments in a structured ensemble.
Where do bees congregate with red flowerS?,"[""trash can"", ""honey"", ""bouquet of flowers"", ""rose garden"", ""field of flowers""]",D,"Because rose gardens feature many red roses, attracting bees with their vibrant color and nectar."
What is someone who gets angry after getting drunk likely to participate in?,"[""violence"", ""falling down"", ""vomiting"", ""vomiting"", ""lower standards""]",A,Because someone who gets angry after drinking is more likely to engage in violent behavior due to alcohol's effect on inhibitions and judgment.
"The teacher told all the students that listening was key, it was the main way they would gain what?","[""empathy"", ""anxiety"", ""knowlege"", ""falling down"", ""hear things""]",C,Because C aligns with the teacher's emphasis on listening for knowledge acquisition in an educational setting.
Stanley had a dream that was very vivid and scary. He had trouble telling it from what?,"[""reality"", ""imagination"", ""dreamworker"", ""nightmare"", ""awake""]",A,"Because Stanley's vivid dream caused confusion between dream and reality, making ""reality"" the most fitting choice."
The city's community garden was demolished for yet another what?,"[""wasteland"", ""ocean"", ""desert"", ""parking lot"", ""flowers""]",D,Because community gardens are often demolished to construct parking lots in urban areas.
WHat do cats get into when they are ripping things apart?,"[""dog's mouth"", ""floor"", ""garage"", ""trouble"", ""nature""]",D,Because cats ripping things apart often causes trouble and destruction.
What is a good result of losing weight?,"[""increased energy"", ""healthier"", ""loose skin"", ""beauty"", ""death""]",B,"Because losing weight typically results in improved overall health, making ""healthier"" the best choice."
A person lived in my what?,"[""demonstration"", ""conference"", ""building"", ""garage"", ""mouth""]",D,"Because ""garage"" is the only option reasonably describing a living space, D is the correct answer."
"The skin was cut while chopping onions, where was this skin likely cut?","[""good health"", ""finger"", ""meat"", ""body"", ""own family""]",B,Because cutting onions with a knife commonly injures fingers.
What might you feel after doing housework for hours?,"[""anger"", ""not boredom"", ""stress"", ""boredom"", ""anxiety""]",C,"Because prolonged housework causes physical and mental strain, leading to stress."
"The accountant used a calculator regularly, he kept one at home and one at the what?","[""desk drawer"", ""desktop"", ""office"", ""wristwatch"", ""city hall""]",C,"Because the question implies a dedicated workspace called an ""office"" for the accountant's calculator."
At the end of your meal what will a waiter do?,"[""serve food"", ""eat"", ""set table"", ""serve meal"", ""present bill""]",E,Because the waiter's main task at the end of a meal is presenting the bill for payment.
"If you aren't glad, unhappy or gloomy, what illness may you have?","[""depressed"", ""downcast"", ""angry"", ""unhappy"", ""sorrowful""]",A,"Because ""depressed"" accurately describes a diagnosable mental health condition fitting the scenario better than other emotional states."
You can hear testimony of how spirituality changes lives when you do what?,"[""go to church"", ""appear in court"", ""watch soap operas"", ""paying attention"", ""go into court""]",A,Because churches commonly host services with personal spiritual testimonies that detail life transformations.
"It was a great rest, she had never felt this much what in the morning?","[""active"", ""hunger"", ""in motion"", ""wakefulness"", ""lay down""]",D,"Because ""wakefulness"" best describes feeling fully awake and energized after a good night's sleep."
Which region has the most famous temple?,"[""jerusalem"", ""jewish community"", ""middle east"", ""city"", ""mosque""]",C,"Because ```plaintext
Because ""middle east"" includes Jerusalem and other significant temples, it's the best choice for a region known for famous temples."
Where would you find a bee gathering pollen?,"[""united states"", ""sky"", ""court"", ""field of flowers"", ""orchard""]",D,Because bees gather pollen from flowers in fields for nectar and pollination.
Where would you put a folding chair if you do not plan to use it and you do not have any large doors in your house?,"[""roof"", ""school"", ""beach"", ""closet"", ""garage""]",D,"Because ``` Because a closet provides a secure, enclosed, and convenient indoor storage option for a folding chair."
"If you're speaking to a lawyer about getting a divorce, what relationship status are you trying to end?","[""being married"", ""sisters"", ""marriage"", ""two people"", ""lawyer""]",A,"Because the correct answer is A, ending the legal status of being married through divorce is the goal."
How do geese normally get from place to place?,"[""carried by people"", ""guard house"", ""fly"", ""follow ultralight airplane"", ""group together""]",C,"Because ```plaintext
Because geese primarily migrate and move by flying, option C is correct."
John was punching and punching at the wall but succeeded only in bloodying his knuckles. This was bad.  He would be unable to hold his tools if he injured what?,"[""hostility"", ""anger"", ""nose"", ""fists"", ""hands""]",E,Because John's knuckles being injured impair his ability to hold tools.
"Though it stayed strictly indoors, the small dog felt like it had all the space in the world in the what?","[""living room"", ""dog park"", ""basket"", ""small apartment"", ""big house""]",E,"Because ""big house"" offers the most spacious indoor environment for the dog."
WHat leads to someone's death when they are very depressed?,"[""suicide"", ""overdosing"", ""sadness"", ""murder"", ""cyanide""]",A,"Because A defines suicide as the intentional termination of one's life due to severe depression, making it the most accurate and comprehensive answer."
"She was sick and staying in bed the day of the event, unfortunately this meant she was what?","[""resting"", ""sleep more"", ""bed sores"", ""missing out"", ""comfort""]",D,Because D shows the missed opportunity when someone is too sick to attend an event.
Where would a lizard surprise a person?,"[""new mexico"", ""forrest"", ""dessert"", ""garden"", ""creek""]",D,"Because gardens provide hiding spots and frequent human activity, making them likely places for lizards to surprise people."
"They were getting together for the big game, he wasn't hosting but made sure to bring pretty of food with him over to where?","[""picnic"", ""friend's house"", ""table"", ""space shuttle"", ""fairgrounds""]",B,"Because the context suggests a social gathering at a friend's house for a ""big game,"" making B the most logical choice."
Who is likely yo have a caring heart?,"[""person"", ""species"", ""artichoke"", ""all mammals"", ""live animal""]",A,"Because ""person"" best represents an individual capable of experiencing and expressing a caring heart."
"I'm looking for alcohol and fried foods, any suggestions?","[""pub"", ""plane"", ""beer"", ""store"", ""fraternity house""]",A,"Because ```plaintext
Because pubs offer both alcohol and fried foods in a social setting."
"If I had a jar which was likely to spoil if left out, where would I want to put it?","[""kitchen cupboard"", ""pantry"", ""grocery store"", ""pantry"", ""refrigerator""]",E,"Because a refrigerator's cool temperature slows bacterial growth and prevents spoilage, option E is correct."
Sam went to Paris where he ordered a blowfish at a sushi place.  Where was Sam?,"[""books"", ""france"", ""fish market"", ""atlantic ocean"", ""cuba""]",B,"Because ```plaintext
Because Sam went to Paris, he was in France when he ordered the blowfish at a sushi place."
What will happen to skin pinched in something?,"[""feel cold"", ""feel pressure"", ""feel bumpy"", ""itches"", ""feel clammy""]",B,"Because ```plaintext
Because pinching the skin primarily stimulates pressure receptors causing a distinct pressure sensation."
"Sally lost her kite because she wasn't careful.  She thought that there was more string on the spool, but it slipped out of her fingers when she reached the what?.","[""child's hand"", ""the last straw"", ""hobby shop"", ""end of line"", ""toy store""]",D,"Because ""end of line"" fits Sally's kite losing string and falling."
"The man uses grooming before a job interview, what is he trying to portray?","[""looking good"", ""beauty"", ""tardiness"", ""handsomeness"", ""neatness""]",E,Because the man grooms for professionalism in his job interview.
Where would there be many people sitting in chair and listening to religious speech?,"[""auditorium"", ""office"", ""synagogue"", ""confession"", ""church""]",C,Because synagogues are specifically designed for Jewish worship with congregants sitting to listen to religious speeches led by a rabbi.
Where is a tabby cat likely to be happiest?,"[""box"", ""home"", ""alley"", ""lap"", ""barn""]",D,"Because a lap offers warmth, comfort, and emotional support cats crave."
East coast areas such as Florida are found where?,"[""florida"", ""denmark"", ""united states"", ""map"", ""california""]",C,"Because Florida, an east coast state, is in the United States, C is the correct answer."
"To learn must have the right book, to work efficiently what must one have?","[""improve yourself"", ""become knowledgeable"", ""have tools"", ""persistence"", ""have more knowledge""]",C,"Because ""to work efficiently"" means needing proper tools or resources."
What is a mobile launching platform found in the ocean?,"[""launch pad"", ""circus"", ""aircraft carrier"", ""large open area"", ""space station""]",C,"Because ```plaintext
Because an aircraft carrier is a large warship designed to function as a mobile airbase on the ocean, capable of launching and recovering aircraft."
There weren't potatoes but actually a snake in his what?,"[""burlap sack"", ""hot country"", ""purse"", ""pet shops"", ""deep grass""]",A,"Because ```plaintext
Because a burlap sack logically explains mistaking a snake for potatoes."
What could listening to music cause you to be?,"[""happy"", ""smile"", ""calm"", ""entertainment"", ""relaxation""]",C,"Because ""calm"" best describes the peaceful and composed state induced by music, making it the most accurate choice among the options."
"If you want to make a big splash in a river with a rock, from where should you throw it?","[""mountains countryside"", ""ground"", ""bridge"", ""mountain range"", ""surface of earth""]",C,Because throwing a rock from a bridge maximizes splash size due to increased initial velocity and energy.
What is committing perjury likely to lead to?,"[""shame"", ""arrest"", ""embarrassment"", ""go to jail"", ""tension""]",B,Because committing perjury leads to an immediate arrest due to its violation of legal statutes.
"The new play was the go to performance of the year, all the crowds would stand and what?","[""admiration"", ""applaud"", ""make reservations"", ""experience"", ""sleep""]",B,"Because ""applaud"" best describes crowd reaction after enjoying a performance."
"""There are 10 apples on an apple tree.  Three fall off.  Now there are X apples.""  What is this an example of?","[""park"", ""coloring book"", ""garden center"", ""math problem"", ""gravity""]",D,Because D involves basic arithmetic and clearly states a math problem.
Where are people likely to find food?,"[""opera"", ""supermarket"", ""building"", ""conference"", ""apartment""]",B,"Because ```plaintext
Because supermarkets are dedicated to providing food for consumers, people are most likely to find food there."
What might a kid do with his friend before going to play?,"[""laugh"", ""sit"", ""being entertained"", ""math"", ""meet""]",E,Because meeting is necessary before kids can start playing together.
What is a person who is well educated?,"[""illiterate"", ""knowledgable"", ""own house"", ""have enough food"", ""meet expectations""]",B,"Because ```markdown
Because a well-educated person typically has a broad and deep understanding of various subjects, which is precisely what being knowledgeable means."
"Ben was an alcoholic and was in an accident.  Because of his mistake, he spent 8 years somewhere. Where was he?","[""prison"", ""bridge"", ""locked up"", ""homeless shelter"", ""neighbor's house""]",A,Because the scenario describes Ben's alcohol-related accident leading to a 8-year prison sentence.
Where do you buy tickets at a ticket booth for games/,"[""train station"", ""cathedral"", ""metro station"", ""fairgrounds"", ""amusement park""]",D,Because fairgrounds typically host game events with a dedicated ticket booth.
A soccer field that is not contained in a building would be where?,"[""playground"", ""mexico"", ""town"", ""outside"", ""world cup""]",D,"Because ""outside"" best describes a non-contained soccer field."
Letters are sometimes delivered by hand through one of these.,"[""mail box"", ""suitcase"", ""front door"", ""bowl"", ""post office""]",C,Because The front door is the best place for direct personal delivery of urgent letters.
John came to see Sam and Sam kicked him out.  Sam didn't like company.  He prefered what?,"[""you"", ""abbreviation"", ""solitude"", ""loneliness"", ""alone""]",C,"Because ""solitude"" best captures Sam's preference for being alone without negative feelings."
"If somebody likes temperatures cool, they might have more than one electric fan where?","[""home"", ""hardware store"", ""home"", ""hot room"", ""office""]",A,Because A represents a personal space where someone can freely install multiple fans for their preferred cooler temperature.
"Sky diving scared him, once they jumped out of the plane he began losing consciousness while what?","[""injury"", ""death"", ""playing uno"", ""coma"", ""falling down""]",E,Because losing consciousness while skydiving likely results from falling down.
"The president had to make a decision regarding the hate attack on his country, what did he do?","[""wage war"", ""fight enemy"", ""kill"", ""destroy enemy"", ""attacked his country""]",A,Because the president likely chose to wage war in response to the hate attack.
What's it called when you have seen something through an eyepiece?,"[""sights"", ""optical illusion"", ""optical telescope"", ""light microscope"", ""binocular""]",A,"Because ""sights"" denotes seeing through an eyepiece in various optical instruments."
"He had done a great job with the scary decorations, they were completely what?","[""terrible"", ""little"", ""halloween"", ""small"", ""horrible""]",E,"Because ""horrible"" best describes scary and intense decorations, fitting the context."
"If you did well on the test, you might get an A as a what?","[""see work"", ""practice"", ""quiz"", ""school grade"", ""homework""]",D,"Because ""school grade"" denotes academic performance evaluations using letters, an A signifies high achievement."
If you tell you boss your suffering from boredom they'll likely tell you to get back to what?,"[""dream"", ""fiddle"", ""watch film"", ""see new"", ""work""]",E,Because a boss typically encourages returning to work when an employee expresses boredom.
What is a good result of jogging?,"[""insect repellent"", ""heart attacks"", ""improved health"", ""shin splints"", ""being tired""]",C,Because jogging leads to improved health through enhanced fitness and reduced disease risk.
What is done to wood to attach something to it?,"[""nailed"", ""carved"", ""polished"", ""eat cake"", ""petrify""]",A,"Because ""nailed"" means securing objects to wood with nails, making it the only option involving attachment."
Where is a fox likely to be caught?,"[""tennessee"", ""inside joke"", ""grassy field"", ""the forrest"", ""england""]",C,"Because ```plaintext
Because grassy fields provide open spaces, cover, and abundant prey, they are ideal habitats for foxes."
Where do you put a new dining table?,"[""cafeteria"", ""arranging papers"", ""in the park"", ""formal dining room"", ""house""]",E,"Because ""house"" is the most general and inclusive term covering all residential dining areas."
"Sometimes fighting inflation isn't even what, because it is so negligible?","[""economic instability"", ""not noticeable"", ""spend more"", ""rising interest rates"", ""boring""]",B,"Because very low inflation is imperceptible, fighting it isn't necessary or noticeable."
What is likely to have more than one level in a city?,"[""carpenter's shop"", ""video game"", ""garage"", ""total number"", ""building""]",C,"Because garages can be multi-level, optimizing space in cities."
Where is likely to have a lot of fire extinguishers?,"[""garage"", ""hospital"", ""boat"", ""house"", ""doll house""]",B,"Because hospitals have significant fire risks and strict safety regulations, they need many fire extinguishers."
Where would someone learn to play an upright piano?,"[""music room"", ""music store"", ""music class"", ""medium"", ""house""]",C,"Because a music class offers structured instruction and guidance on playing musical instruments, including the upright piano."
What is necessary for learning by yourself?,"[""exposure"", ""patience"", ""study"", ""cooperation"", ""thought""]",C,"Because studying actively engages with material for understanding and retention, driving self-directed learning."
"John and Jane were a couple.  They were dating for a while and wanted to be together for even longer. For this reason, they did what?","[""make sex"", ""plan to marry"", ""dance"", ""electrical circuit"", ""row about""]",B,"Because planning to marry signifies a long-term commitment, making it the logical choice for John and Jane."
What emotion does getting paid lead to?,"[""sorrow"", ""paying bills"", ""happiness"", ""frustration"", ""spending money""]",C,"Because getting paid generally results in happiness, aligning with option C."
Who is likely going in to a market?,"[""stress"", ""food"", ""that you"", ""spending money"", ""walking""]",C,"Because ""that you"" logically refers to a market participant as a subject."
What is a characteristic of thin glass?,"[""break easily"", ""shattering"", ""melt"", ""bend"", ""hold water""]",A,Because thin glass is more fragile and susceptible to breaking under pressure or impact compared to thicker glass.
What do you get for not moving your car during the required time?,"[""towed"", ""accidents"", ""driving"", ""getting tired"", ""ticket""]",E,Because failing to move a parked car as required usually leads to a traffic violation ticket.
"Bob's feet hurt from running barefoot on the hot pavement.  I lost his shoes, didn't know where they landed, and had to run from the corner store to his home.  About where did he run?","[""a bed of nails"", ""town"", ""attractive consistent look"", ""city block"", ""ground""]",D,"Because the scenario describes Bob running a short distance from a corner store to his home on hot pavement, a city block is the most appropriate unit of measurement."
Where would you be able to hear a bassoon played in an unpleasing fashion?,"[""orchestra"", ""baritone woodwind sound"", ""symphony"", ""play music"", ""high school band""]",E,"Because high school bands often feature less skilled musicians, potentially resulting in an unpleasing bassoon sound."
John loved competing because he was very competitive.  He liked being about to divide people into what categories?,"[""winners and losers"", ""perform better"", ""might win"", ""losses"", ""enemies""]",A,Because A reflects John's competitive nature in distinguishing winners from losers as per the passage.
The game was on sale.  I got it then because it was usually what?,"[""buying"", ""purchase"", ""overpriced"", ""way to much"", ""expensive""]",E,"Because the sentence implies the game was more expensive outside the sale, option E fits logically."
What could a massive building be if it is not constructed well?,"[""insubstantial"", ""massless"", ""dwarf"", ""inconsequential"", ""good""]",A,"Because an improperly constructed massive building lacks strength and solidity, it is insubstantial."
Where could a printer be used by thousands of people?,"[""school"", ""home office"", ""people store"", ""print shop"", ""newspaper office""]",A,Because schools frequently use printers for educational purposes by many students and staff daily.
What could prevent someone from buying chistmas presents?,"[""happiness"", ""lack of money"", ""stress"", ""relief"", ""exhiliration""]",B,"Because lack of money directly impacts the capacity to acquire goods, it is the best choice."
What is the hope of playing sports without competition?,"[""running"", ""have fun"", ""balls touch"", ""winning"", ""get tired""]",B,"Because B, ""have fun,"" best captures the primary benefit of playing sports without competition."
"They moved out of the city to have a master bedroom, what kind of home did they seek?","[""large house"", ""suburban home"", ""big house"", ""old house"", ""keeping personal objects""]",B,Because moving out of the city usually means preferring a suburban home with a master bedroom.
What could you add a line to?,"[""bus stop"", ""graph"", ""post office"", ""grass"", ""play""]",B,"Because ``` Because a graph can have lines added to enhance its meaning, unlike bus stops, post offices, grass, and plays."
Joe bought a ficus.  He thought it would look good in what part of his home?,"[""family room"", ""tropical forest"", ""flower garden"", ""movie theater"", ""hair salon""]",A,"Because ficus plants enhance family rooms' ambiance, making them ideal indoor decorations."
"Sarah wanted to by a new rug.  Ink spilled onto her old one.  Really, she didn't know what that thing had an inkwell in the first place.  What piece of furniture might have been on her run?","[""front of door"", ""bedroom"", ""desk"", ""table"", ""living room""]",C,"Because the passage mentions an inkwell typically on a desk, the desk is the most logical location for the ink spill on Sarah's rug."
"When people discover something new while chatting with friends, why are they likely to continue talking?","[""agreement"", ""to fill their time"", ""discomfort"", ""misunderstanding"", ""learning about""]",E,Because discovering new things fuels curiosity and drives ongoing conversations.
How can one's views change after learning about science?,"[""appreciation of nature"", ""become educated"", ""excitement"", ""increased knowledge"", ""see things differently""]",E,Because learning science fundamentally transforms one's perspective on natural phenomena.
"Traveling underwater has many dangers, such as low visibility causing what?","[""disorientation"", ""due to"", ""meeting new people"", ""getting somewhere"", ""relocation""]",A,"Because low visibility underwater makes it difficult to determine direction and position accurately, causing disorientation."
Where are people likely to stand at an intersection?,"[""cars"", ""city street"", ""street corner"", ""fork in road"", ""at a red light""]",C,Because people stand at street corners at intersections for clear traffic observation and safety.
Janet knew she was dying from her injuries because she could feel herself doing what?,"[""sleeping longer"", ""getting cold"", ""death and decay"", ""change of color"", ""stop breathing""]",B,"Because a drop in body temperature, indicating reduced heat regulation, is an early sign of severe injury or illness leading to death."
"An expressway can suffer from traffic, this traffic gets worse the closer you get to any what?","[""michigan"", ""map"", ""american city"", ""rest stops"", ""country""]",C,Because expressway traffic worsens near American cities due to higher population and vehicle concentrations.
Where are there more telephone booths?,"[""gas stations"", ""city"", ""london"", ""train station"", ""airport""]",B,Because cities historically had more widespread telephone booths for public use.
"John moved away from his family.  He was a bit upset that he had to do it, but he needed the job.  Still, he would have preferred it if the job were what?","[""present"", ""stay here"", ""closer"", ""available"", ""come here""]",C,"Because John prioritized maintaining a close relationship with his family, he preferred a job closer to them."
"James complained that Alexa's electric guitar was too loud and he couldn't get any work done at home,  so she decided that she should get an acoustic guitar.  Where might she look for one?","[""house"", ""music shop"", ""studio"", ""storage"", ""closet""]",B,"Because music shops specialize in selling musical instruments, they are the best place to buy an acoustic guitar."
What can someone feeling happiness fall into?,"[""lead to laughter"", ""love"", ""laughter"", ""smiles"", ""tears""]",B,"Because happiness can deepen into love, making B the most fitting answer."
How might a person address someone who is leaving?,"[""further cause"", ""wave goodbye"", ""attempt suicide"", ""insulting them"", ""thank god""]",B,"Because ""wave goodbye"" is a polite and customary way to bid farewell to someone as they leave."
What does a chef do when working in the evening?,"[""cook dinner"", ""study french cooking"", ""taste sauce"", ""prepare food"", ""thin sauce""]",A,Because a chef's main task during the evening is preparing and cooking dinner for customers.
What would happen to a person if his or her money is stolen?,"[""complete sentence"", ""feel angry"", ""drink tea"", ""cross street"", ""park""]",B,"Because feeling angry is a natural emotional reaction to having one's money stolen, reflecting frustration over the loss and insecurity about financial stability."
"The people in class were instructed to brainstorm ideas, how would they use their minds for this?","[""shake hands"", ""control events"", ""talk to each other"", ""think creatively"", ""dress themselves""]",D,Because thinking creatively (D) is essential for brainstorming's mental activities.
Someone lacking immortality will one day be?,"[""kick the bucket"", ""mortal"", ""dead"", ""can die"", ""dying""]",C,"Because ""dead"" definitively follows from not being immortal."
"After his mother saw his report card he knew he was going to be doing housework, what could have prevented this?","[""sneezing"", ""fatigue"", ""house clean"", ""feeling satisfied"", ""getting good grades""]",E,Because getting good grades on the report card would prevent additional housework.
Glass that hasn't been treated to be extra strong is what?,"[""weak"", ""fragile"", ""forceless"", ""regular"", ""flimsy""]",B,"Because ""fragile"" precisely describes untreated glass's susceptibility to breaking."
If you've thrown a rod you've done damage to what?,"[""fishing camp"", ""hardware store"", ""engine"", ""your spine"", ""sporting goods store""]",C,"Because ""throwing a rod"" in engines means a connecting rod breaking causing severe damage, making C the correct answer."
What enables most people to transport themselves?,"[""helicopter"", ""own cars"", ""speak words"", ""believe in god"", ""dance together""]",B,"Because ```plaintext
Because cars provide a practical and accessible form of transportation widely available to most people."
What do people in the same family often share?,"[""brown hair"", ""names"", ""two eyes"", ""will"", ""brains""]",B,Because people in the same family often share names as a cultural tradition passed down through generations.
What is an area with no grass where I can get things to sell at a roadside stand?,"[""surface of earth"", ""rest area"", ""supermarket"", ""state park"", ""garden""]",E,Because a garden offers a controlled environment for growing and selling fresh produce directly.
Where do kids find fish in their backyards?,"[""boat"", ""ocean"", ""pond"", ""end of line"", ""ocean""]",C,"Because ``` Because ponds are commonly found in residential areas and backyards, they provide a convenient location for children to find and catch fish."
Where must one wear a white shoe?,"[""wedding"", ""tennis"", ""closet"", ""left foot"", ""house""]",A,"Because ```plaintext
Because A represents the tradition of brides and grooms wearing white shoes at weddings symbolizing purity and elegance."
"James chose to not to print the cards, because he wanted to be more personal. What type of cards did he choose, instead?","[""cursive writing"", ""hand writing"", ""store bought"", ""online media"", ""hand written""]",E,Because James chose to handwrite the cards for a personal touch.
"They checked the weather one more time during the flight, they were on their way to paradise and wanted it to what?","[""look beautiful"", ""be happy"", ""change quickly"", ""occur here"", ""surprise us""]",A,Because they wanted the weather to look beautiful upon arriving at their paradise destination.
What are you hoping to achieve when talking to someone?,"[""communicating with others"", ""hurt feelings"", ""dry mouth"", ""intimacy"", ""changing behavior""]",A,"Because ```plaintext
Because A represents the primary goal of conversation, which is to communicate with others."
What place of work might you find a hairpin?,"[""hair salon"", ""hair of woman"", ""barber shop"", ""pincushion"", ""woman's hair""]",A,"Because ```plaintext
Because hair salons are specifically designed and equipped to handle and use hairpins in a professional setting."
What can go on a football field?,"[""oklahoma"", ""university"", ""college campus"", ""players"", ""yard""]",D,Because only players are permitted on a football field during gameplay.
What has a master of their craft done about that craft?,"[""drill"", ""committed murder most vile"", ""bargemaster"", ""learn"", ""understand""]",D,"Because ""learn"" in option D shows mastery results from skill and knowledge acquisition."
If your watching television and accomplish nothing what have you done?,"[""getting fat"", ""get fat"", ""typing words"", ""falling asleep"", ""wasted time""]",E,"Because ""wasted time"" best captures the idea of accomplishing nothing while watching television."
"He was in a cabin in the woods, through the window he saw a fox where?","[""indiana"", ""england"", ""outside"", ""on the wall"", ""picture""]",C,"Because option C, ""outside,"" correctly describes what one would see through a window in a cabin."
"The hippy wanted peace with all humans, he had strong what for them all?","[""names"", ""words"", ""naval"", ""bladders"", ""feelings""]",E,"Because ""feelings"" in E best captures the hippy's positive emotional connection and desire for peace with all humans."
"He was a very sharp engineer, but when it came to the details his calculations could were often what?","[""complimentary"", ""inelegant"", ""ocean"", ""dull"", ""inaccurate""]",E,Because the sentence indicates the engineer's calculations were often inaccurate despite his sharpness.
In the middle of the day what will someone do because of being hungry?,"[""cook dinner"", ""make bread"", ""eat in restaurant"", ""have lunch"", ""make bread""]",D,"Because ""have lunch"" best fits midday hunger needs."
"John enjoyed his time visiting the museum.  He wanted to spend more time there, so that he could study the exhibits more.   He was a very academic person and loved doing what?","[""tired feet"", ""gaining knowledge"", ""back pain"", ""being bored"", ""pondering""]",B,"Because John's actions show he is an academic interested in learning, making B the correct choice."
What will telling many people about an embarrassing situation lead to?,"[""notoriety"", ""emotional distress"", ""riot"", ""bad dreams"", ""annoyance""]",B,"Because ```plaintext
Because sharing embarrassing details widely can cause significant emotional distress."
"The electric motor powered many important things, including one if almost every house. Name this item?","[""electric locomotive"", ""electric typewriter"", ""multi-coloured walrus"", ""electric refrigerator"", ""electric drill""]",D,Because the electric refrigerator is a ubiquitous household appliance powered by an electric motor.
Where can peanut butter be stored?,"[""container"", ""supermarket"", ""pantry"", ""sandwich"", ""jar""]",C,Because a pantry offers the best environment for storing peanut butter long-term.
Where would you play a board game with your family?,"[""toy store"", ""home"", ""school"", ""toy shop"", ""shelf""]",B,"Because home provides a private, comfortable space for family bonding and easy access to game essentials."
James needed a garage because he spent a lot of money on what?,"[""bike"", ""downtown"", ""building"", ""tool storage"", ""car""]",E,"Because garages are mainly for storing cars, and James spent a lot on a car."
"If I am a person, I have a unique ability to do what?","[""cross street"", ""stand upright"", ""speak spanish"", ""speak chinese"", ""further education""]",B,"Because standing upright on two legs is an innate, universal human capability distinguishing us from other species."
"Two friends wanted to spend a quiet evening together, what did they go see?","[""wedding"", ""friend's house"", ""internet cafe"", ""movie"", ""restaurant""]",D,"Because watching a movie offers a quiet, shared, and low-prep evening option for couples."
"If an animal is tired, what is it likely to do?","[""bite"", ""lie down"", ""keep alive"", ""need to eat"", ""go to sleep""]",B,"Because animals lie down to rest when tired, option B is the most accurate choice."
Where would you sit in a chair to watch four-legged animals complete?,"[""bookstore"", ""house"", ""race track"", ""friend's house"", ""building""]",C,Because a race track is the ideal place to watch four-legged animal competitions.
If you were looking for a lemur where would you find it?,"[""russia"", ""at home"", ""hole"", ""field"", ""heaven""]",D,Because lemurs are endemic to Madagascar and can be found in fields in protected areas.
John ran out of pencils.  Where did  he go to get more?,"[""desk drawer"", ""cup"", ""pencil case"", ""shelf"", ""office depot""]",E,"Because Office Depot specializes in selling office supplies, it's the best place for John to buy more pencils."
When would you be able to see your reflection in a piece of wood?,"[""burned"", ""polished"", ""carved"", ""composted"", ""nailed""]",B,"Because polishing wood makes its surface smooth and reflective, enabling it to show a clear image of your face."
What emotion do people expressing themselves show when they trip in front of a crowd and break their leg?,"[""communication"", ""suffering"", ""pain"", ""laughter"", ""embarrassment""]",E,Because people feel embarrassed by visible public accidents due to social perception concerns.
"He waited for his friend at the squash court, but he was worried his friend thought he meant the at the other end of the public what?","[""country club"", ""rich person's house"", ""pool"", ""park"", ""fitness center""]",D,Because a park fits the scenario of multiple squash courts being spread out in a public place.
When you plant a garden you can harvest what to eat?,"[""flower"", ""animal"", ""flower petals"", ""vegetable"", ""alive""]",D,"Because the primary goal of gardening is to grow edible plants producing vegetables, fruits, or herbs, option D is correct."
Where is basketball court likely to be outdoors?,"[""high school gymnasium"", ""city"", ""park"", ""use"", ""los angeles""]",B,"Because ``` Because cities commonly offer outdoor basketball courts in various public spaces, ""city"" is the most appropriate choice."
What could a balalaika be needed for?,"[""artist junkyard"", ""music store"", ""singing"", ""symphony"", ""orchestra""]",D,Because a symphony requires unique string instruments like the balalaika for musical arrangements.
What type of home is most likely to have an attic filled with historical items?,"[""top of home"", ""older houses"", ""victorian house"", ""own home"", ""material""]",C,Because a Victorian house's unique architecture and history make it probable to find many historical items in its attic.
"Jackson is a popular city name, but the one with a governor's office is where?","[""michigan"", ""wyoming"", ""mississippi"", ""tennessee"", ""mississippi""]",E,"Because Mississippi's capital, Jackson, uniquely hosts the governor's office."
Where is microphone boom likely to be used to record an album?,"[""radio station"", ""recording studio"", ""concert"", ""tv studio"", ""new york""]",B,"Because ```markdown
Because a microphone boom is primarily used in recording studios for high-quality audio capture."
What is the worst outcome of an injury?,"[""cause death"", ""cause bleeding"", ""falling down"", ""become infected"", ""claim insurance""]",A,"Because ```plaintext
Because causing death represents the irreversible end of life, it is the worst possible outcome of an injury."
How is someone who loves their TV likely to feel about their remote?,"[""attached"", ""nostalgic"", ""companionable"", ""likely"", ""close""]",A,"Because ""attached"" best expresses the emotional bond between someone who loves their TV and the remote controlling it."
"The man wanted to take a bus, but all the chars were full of people doing what?","[""sitting down"", ""refusing"", ""saving money"", ""sit down"", ""go outdoors""]",A,"Because The correct answer is A because the buses being full implies all passengers are ""sitting down."
"Bob thought that his Pokemon cards were common and worthless, but he was wrong about them. They were really what?","[""personal"", ""special"", ""shiny"", ""rare"", ""irregular""]",D,"Because ""rare"" highlights the contrast between Bob's initial belief and the true value of his Pokemon cards."
"A wife asks a husband to stop being married to her, what is he likely to feel even with friends?","[""happiness"", ""pleasure"", ""happy"", ""grief"", ""isolation""]",D,"Because the other partner's divorce request causes profound emotional distress matching grief, option D fits."
"The camper looked up at the vast night sky, it left him feeling mighty what?","[""unimportant"", ""insignificant"", ""stellar"", ""somewhat"", ""helpless""]",B,"Because ""insignificant"" best conveys feeling small compared to the vast night sky."
"Though nearby, an apple from an apple tree where would be an imported product to the USA?","[""ohio"", ""washington state"", ""alaska"", ""canada"", ""flowers""]",D,"Because ``` Because Canada, despite proximity, isn't contiguous with the USA, making its produce imported."
"The old man was retired and liked the simple things, he would do crossword puzzle every morning simply just to do what?","[""you're bored"", ""pass time"", ""relax"", ""mentally challenged"", ""win""]",B,"Because ""simply just to"" suggests the old man passes time through crossword puzzles as a routine activity."
What would you change the learning process to be if someone does not like learning?,"[""interesting"", ""fun"", ""joyful or painful"", ""very important"", ""free""]",B,"Because making learning fun increases engagement and motivation, crucial for those who dislike it."
To properly instruct children attending school you would need a great deal of what?,"[""boredom"", ""patience"", ""time"", ""teachers"", ""inspiration""]",B,"Because ```plaintext
Because patience enables educators to manage diverse student needs and behaviors calmly and consistently, fostering a positive learning environment."
If done correctly grooming pet's nails generally does not cause this?,"[""training"", ""satisfaction"", ""injury"", ""beauty"", ""late""]",C,"Because proper pet nail grooming minimizes the risk of injuring the quick, a sensitive part of the nail containing blood vessels and nerves."
"The man was cleaning clothes for his date, what was he looking to achieve?","[""ruined"", ""clean clothes"", ""sadness"", ""attractive appearance"", ""look better""]",D,Because the man aimed to achieve an attractive appearance for his date.
"The person was looking up airline and hotel prices, what was he looking to do?","[""control computer"", ""separate things"", ""go on vacation"", ""cross street"", ""go out""]",C,Because the correct answer is C indicating the person was planning a trip to research travel options.
"The person put on lotion, what did they want?","[""fresh smell"", ""good credit"", ""smooth skin"", ""fresh produce"", ""headache""]",C,"Because applying lotion aims to moisturize and smooth the skin, making it the logical choice."
"Eating breakfast in bed can make you feel what, assuming that you don't spill anything?","[""vomiting"", ""pleasure"", ""happiness"", ""contentment"", ""mess""]",D,Because eating breakfast in bed typically induces contentment without spills.
What would an adult man do to get ready for work?,"[""dress herself"", ""shower"", ""dress himself"", ""drink beer"", ""drive train""]",C,Because dressing himself (C) is essential for an adult man to prepare appropriate work attire.
"The woman picked from an apple tree while surrounded by other trees, where was she?","[""illinois"", ""woods"", ""new york"", ""indiana"", ""farmer's market""]",B,Because the description indicates she was in woods surrounded by multiple trees.
"Mom is tidying a house, where would she put the loose dictionary?","[""shelf"", ""library"", ""classroom"", ""table"", ""desk""]",A,Because a shelf is a common place for storing books and dictionaries in a domestic setting for easy access.
"The judge did not take this part of the job lightly, the man was guilty but it was his passing sentence that condemned the man to what?","[""go to jail"", ""incarceration"", ""intercourse"", ""death"", ""judgement""]",D,"Because ""death"" (D) represents the most severe and fitting consequence for a guilty verdict in a serious legal case."
Simon bought a cow because he wanted to put it to work.   He didn't want any meat for it.  Where might Simon be taking the cow?,"[""countryside"", ""city"", ""dairy farm"", ""butcher shop"", ""canada""]",C,"Because Simon wanted a milk-producing cow for work, dairy farm is the correct answer."
What would children do if they are bored?,"[""walk"", ""change shoes"", ""play tag"", ""smell smoke"", ""reach over""]",C,"Because playing tag offers physical exercise, social interaction, and fun, making it ideal for bored children."
Behind what small door are canned goods usually kept in?,"[""cabinet"", ""pantry"", ""kitchen"", ""cupboard"", ""shelf""]",D,Because cupboards have small doors suitable for canned goods storage.
"While laid up in the hospital she tried remembering good times, like that massage on vacation that brought great what?","[""dream"", ""knowing"", ""depression"", ""pleasure"", ""nostalgia""]",D,"Because ""pleasure"" best captures the enjoyment from the described vacation massage."
"If I want to maximize my number of potential customers, where should I build a new department store?","[""idaho"", ""shopping mall"", ""big city"", ""in town"", ""new york""]",C,"Because ```markdown
Because building a new department store in a big city maximizes potential customers due to high population density and diverse consumer bases."
Where is a good place to get a ball?,"[""kitchen"", ""child's hand"", ""street"", ""toy store"", ""soccer game""]",D,"Because toy stores provide wide ball selections, safety, and convenience, making them ideal for purchasing balls."
What common chemical reaction is often used as a heat source?,"[""coal or wood"", ""fire"", ""lava"", ""house"", ""solar energy""]",B,"Because fire is the chemical reaction of combustion, releasing heat and light, making it the correct choice."
Where could you put a dollar that would make it hard to get out without breaking?,"[""cash drawer"", ""piggy bank"", ""purse"", ""box"", ""pocket""]",B,Because a piggy bank's small opening resists easy retrieval of individual dollar bills.
"I'm at a restaurant ans want a glass of milk, how do I find out if they serve that?","[""accompaniment to meal"", ""waitress"", ""cafeteria"", ""home"", ""menu""]",E,"Because the menu lists available beverages, including milk, indicating what drinks the restaurant serves."
What could contain no more than around 100 people?,"[""apartment"", ""classroom"", ""buildings"", ""car"", ""audience""]",B,"Because classrooms are designed for up to 100 people, making B the correct answer."
"John joined the army because he wanted to see the world.  When the fighting started, he only saw what sort of things?","[""fort"", ""orphans"", ""battlefield"", ""other countries"", ""war""]",C,"Because ""battlefield"" (C) represents the negative reality of John's army experience contrasting his initial motivations."
where do children play a game?,"[""toy store"", ""bar"", ""casino"", ""table"", ""family room""]",E,"Because family room E is a common, safe, and appropriate space for children's play within a home."
What could happen after driving car that does not involve pain?,"[""automobile accidents"", ""backache"", ""eye strain"", ""getting tired"", ""car crash""]",D,"Because getting tired from driving is a common, non-painful consequence."
In what place could you find air that has been breathed by only a few people recently?,"[""train station"", ""house"", ""cupboard"", ""cricket stadium"", ""surface of earth""]",B,Because a house's limited air circulation keeps the air breathed by only a few people recently.
what happens to a company when it is bankrupt?,"[""liquidated"", ""own resources"", ""branch out"", ""commit crime"", ""game over""]",A,"Because a bankrupt company goes through liquidation, selling assets to pay debts, making A the correct answer."
Blood isn't usually spilled during what sport that doesn't allow the use of hands?,"[""soccer game"", ""capillaries"", ""ball"", ""animals"", ""person""]",A,"Because A, ""soccer game,"" fits as the only sport where hand usage is restricted and physical contact can lead to minor injuries without blood spillage."
"The dog ran to the front window and barked, this is because of a presence at the what?","[""building"", ""friend's house"", ""classroom"", ""window"", ""front door""]",E,Because the dog's barking at the front window likely indicates a person or threat at the front door.
Where would you find a sign with some people lined up next to it?,"[""bus stop"", ""street corner"", ""roadblock"", ""fast food drive thru"", ""city""]",A,"Because bus stops have signs for passengers to line up, making them the most appropriate option."
Sometimes it felt like being able to pay bills was the only reason he was actively what?,"[""pay debts"", ""make money"", ""having money"", ""making money"", ""keep house""]",D,"Because ""making money"" directly connects to the goal of paying bills."
John just made first violin.  This is  is a position on what?,"[""violin case"", ""symphony orchestra"", ""class"", ""learning to play violin"", ""music store""]",B,"Because ""first violin"" refers to a key position in a symphony orchestra, not in other contexts."
Where can someone keep a digital file?,"[""suitcase"", ""filing cabinet"", ""computer"", ""desk drawer"", ""cloud""]",C,"Because a computer efficiently stores and manages digital files locally, unlike physical storage or remote cloud solutions."
What appliance uses water and soap?,"[""washing machine"", ""space shuttle"", ""blender"", ""disneyland"", ""surface of earth""]",A,"Because the washing machine is designed to clean using water and soap, making it the correct answer."
"I am looking to buy honey right from an apiary, where should I go?","[""jar"", ""stick to fingers"", ""beehive"", ""stick to fingers"", ""farmer's market""]",E,"Because ```plaintext
Because a farmer's market is the best place to buy honey directly from an apiary."
Where would someone likely bring an attache case?,"[""overhead compartment"", ""chair"", ""hospital"", ""in shirt"", ""business meeting""]",E,Because an attache case is ideal for carrying business documents to meetings.
"i like to examine different things,why do books the chapters on the back","[""examine thing"", ""go somewhere"", ""knit"", ""read book"", ""see particular program""]",D,"Because ""read book"" matches the desire to examine different things by exploring various topics and ideas contained within chapters."
"The whole family was playing cards, they were full of joy and what?","[""sadness"", ""happiness"", ""amusement"", ""losing money"", ""anger""]",B,"Because ""full of joy"" suggests the family experienced happiness during their card game."
Jimmy wanted a beer but his wife was an alcoholic on probation.  Where might he go?,"[""neighbor's house"", ""bridge"", ""home"", ""homeless shelter"", ""prison""]",A,Because visiting a neighbor's house allows Jimmy to have a beer away from his wife while still obtaining alcohol.
What country has with the capital of Amsterdam has a Fortis bank?,"[""netherlands"", ""utrecht"", ""brussels"", ""belgium"", ""denmark""]",A,"Because ```plaintext
Because Amsterdam is the Dutch capital and Fortis Bank's former headquarters, A, Netherlands, is the correct answer."
What building has a ot of glue bottles?,"[""art room"", ""police station"", ""classroom"", ""desk drawer"", ""school""]",E,Because a school likely has many glue bottles in various rooms compared to other options.
"The king was to meet an ambassador, where would the meet?","[""court"", ""dinning room"", ""throne room"", ""monarchy"", ""castle""]",C,Because the throne room is the most suitable formal setting for a king's meeting with an ambassador.
Where do kids play with a ball that is concrete?,"[""street"", ""soccer field"", ""soccer game"", ""central park"", ""pool table""]",A,Because streets are universally accessible concrete surfaces frequently used by children for casual ball games.
Diving off a cliff for a cartoon character often ends in comedic what?,"[""exhilaration"", ""dismemberment"", ""spinal injuries"", ""getting wet"", ""splats""]",E,"Because ""splats"" describes the humorous sound of a cartoon character's dramatic landing."
Jimmy didn't like going to the party.  It seemed like the guys there did nothing but what?,"[""dance"", ""getting drunk"", ""meet new people"", ""having fun"", ""have fun""]",B,"Because ""getting drunk"" aligns with the implied negative context of Jimmy's party experience."
Where does a person need to get when they have more kids?,"[""compliments"", ""understand themselves"", ""life partner"", ""second chances"", ""larger house""]",E,Because the larger house option best addresses increased space needs for a growing family.
Where would a special ficus be found?,"[""botanical garden"", ""doctor's office"", ""in a sea"", ""public place"", ""arboretum""]",A,"Because ```plaintext
Because botanical gardens or arboreta specialize in plant cultivation, a special ficus would most likely be found there."
"James is apply for a job that he really wants. He knows that it will be a good fit and he has experience, but he doesn't have all the qualifications that they're asking for, so he's worried about what?","[""acceptance"", ""rejection"", ""hope"", ""less sleep"", ""employment""]",B,"Because James fears rejection due to perceived inadequacies, B is the correct answer."
What is a sign that you might not be living soon?,"[""growing older"", ""reproducing"", ""shuddering"", ""perspiration"", ""palpitations""]",E,"Because ```plaintext
Because palpitations can indicate serious heart conditions that may be life-threatening."
"Riding bike through rough terrain can be dangerous, one could find themselves what?","[""pleasure"", ""accident"", ""get somewhere"", ""hurt"", ""falling down""]",E,Because riding a bike on rough terrain increases the risk of falling down.
What would a document be if it is not obtuse?,"[""pointed"", ""bright"", ""easy"", ""clear"", ""acute angled""]",D,"Because ""clear"" describes a document that is easy to understand, opposite to an obtuse angle's complexity."
For convenience some customers want things straight to the doorstep and use what?,"[""mail orders"", ""demand satisfaction"", ""place money on counter"", ""pay merchants with money"", ""spend money""]",A,"Because ""mail orders"" best describes doorstep delivery and aligns with the desire for convenient home receipt of items."
"What is a great, but non-specific, overall benefit of exercise?","[""good health"", ""heart attacks"", ""relaxation"", ""rest"", ""fatigue""]",A,Because good health comprehensively covers the broad benefits of exercise without focusing on a single aspect.
Where does a spoon go on one side of a plate?,"[""bowl of soup"", ""serving dish"", ""table setting"", ""placemat"", ""glass of iced tea""]",C,Because spoons are placed on the right side of the plate in a proper table setting.
Where is a note likely to indicate a melody?,"[""fridge"", ""a classroom"", ""envelope"", ""medical chart"", ""sheet music""]",E,Because sheet music notates musical melodies for musicians.
what can years of playing tennis lead to?,"[""tennis elbow"", ""proffesional player"", ""exercise"", ""victory"", ""becoming tired""]",A,Because years of tennis play commonly result in tennis elbow due to repetitive strain on forearm tendons.
Where would you be going if using a parking lot near a roller coaster?,"[""farm"", ""business district"", ""car"", ""amusement park"", ""urban area""]",D,"Because ```plaintext
Because amusement parks uniquely combine roller coasters with parking lots for visitor convenience."
What does a virus primarily do to a person?,"[""infect"", ""reproduce"", ""mutate"", ""eat food"", ""make computer malfunction""]",A,"Because viruses primarily infect cells to replicate, causing disease, making A the correct choice."
Where would you go if you didn't feel like baking a cake yourself?,"[""theater"", ""refrigerator"", ""bakery"", ""grocery store"", ""oven""]",C,"Because ```plaintext
Because a bakery provides ready-made cakes for purchase without personal effort."
Where are floors kept clean for holy purposes?,"[""restaurant"", ""basement"", ""all buildings"", ""carpet"", ""synagogue""]",E,Because synagogues require maintaining clean floors for religious respect and rituals.
Where will a bullet projectile be found during a war?,"[""battle field"", ""museum"", ""weapon"", ""canon"", ""tornado""]",A,Because battlefields are where bullets are used extensively during wars.
What is a place that might not always have a queen?,"[""bee hive"", ""england"", ""castle"", ""deck of cards"", ""chess game""]",C,"Because a castle can exist without a queen, unlike other options tied to royal figures."
